{
    "means": [
        50.869565217391305,
        68.3913043478261,
        59.08695652173913,
        54.73913043478261,
        60.52173913043478
    ],
    "stds": [
        19.923271791883998,
        16.620740412439737,
        17.712124875037798,
        18.81782856593074,
        18.404222749677935
    ]
}