{
    "means": [
        79.16666666666667,
        81.66666666666667,
        77.08333333333333,
        79
    ],
    "stds": [
        13.360956235058609,
        12.48514268555982,
        14.151507040423345,
        14.058320085855337
    ],
    "features": 4
}